availability,name,price,review_num
19,Olio,209.167308,0
19,Scott Pilgrim's Precious Little Life (Scott Pilgrim #1),458.013339,0
19,Mesaerion: The Best Science Fiction Stories 1800-1849,329.254569,0
19,"Our Band Could Be Your Life: Scenes from the American Indie Underground, 1981-1991",501.458475,0
19,Rip it Up and Start Again,306.743682,0
19,The Black Maria,456.787065,0
19,"The Coming Woman: A Novel Based on the Life of the Infamous Feminist, Victoria Woodhull",157.050663,0
19,"Starving Hearts (Triangular Trade Trilogy, #1)",122.539809,0
19,The Requiem Red,198.393615,0
19,The Dirty Little Secrets of Getting Your Dream Job,292.028394,0
19,Libertarianism for Beginners,449.604603,0
17,You can't bury them all: Poems,294.568533,0
19,Set Me Free,152.933886,0
20,Sapiens: A Brief History of Humankind,475.005993,0
18,Behind Closed Doors,457.400202,0
19,It's Only the Himalayas,395.648547,0
19,Shakespeare's Sonnets,180.963006,0
18,"In a Dark, Dark Wood",171.941133,0
18,Maude (1883-1993):She Grew Up with the country,157.838982,0
18,Sophie's World,139.620054,0
19,The Boys in the Boat: Nine Americans and Their Epic Quest for Gold at the 1936 Berlin Olympics,197.95566,0
18,The Bear and the Piano,323.123199,0
18,The Elephant Tree,208.641762,0
17,Slow States of Collapse: Poems,501.984021,0
18,Wall and Piece,386.977038,0
16,The Natural History of Us (The Fine Art of Pretending #2),396.086502,0
18,The Five Love Languages: How to Express Heartfelt Commitment to Your Mate,271.970055,0
16,"The Pioneer Woman Cooks: Dinnertime: Comfort Classics, Freezer Food, 16-Minute Meals, and Other Delicious Ways to Solve Supper!",494.100831,0
16,The Secret of Dreadwillow Carse,491.648283,0
16,The Torch Is Passed: A Harding Family Story,167.211219,0
16,Thirst,151.269657,0
16,This One Summer,170.714859,0
16,Throwing Rocks at the Google Bus: How Growth Became the Enemy of Prosperity,272.583192,0
16,Tsubasa: WoRLD CHRoNiCLE 2 (Tsubasa WoRLD CHRoNiCLE #2),142.598148,0
16,Unicorn Tracks,164.495898,0
16,"Unseen City: The Majesty of Pigeons, the Discreet Charm of Snails & Other Wonders of the Urban Wilderness",386.977038,0
16,"Unbound: How Eight Technologies Made Us Human, Transformed Society, and Brought Our World to the Brink",223.532232,0
16,Untitled Collection: Sabbath Poems 2014,124.992357,0
18,The Four Agreements: A Practical Guide to Personal Freedom,154.685706,0
16,The Past Never Ends,494.88915,0
16,"We Love You, Charlie Freeman",440.319957,0
16,When We Collided,278.276607,0
16,Without Borders (Wanderlove #1),394.772637,0
17,Private Paris (Private #10),417.020751,0
18,Worlds Elsewhere: Journeys Around Shakespeareâ€™s Globe,352.99173,0
16,"Rat Queens, Vol. 3: Demons (Rat Queens (Collected Editions) #11-15)",441.45864,0
16,Reskilling America: Learning to Labor in the Twenty-First Century,173.692953,0
16,"Saga, Volume 5 (Saga (Collected Editions) #5)",447.064464,0
17,Reasons to Stay Alive,231.327831,0
16,"Saga, Volume 6 (Saga (Collected Editions) #6)",219.152682,0
16,Soul Reader,346.685178,0
16,Spark Joy: An Illustrated Master Class on the Art of Organizing and Tidying Up,366.393153,0
16,Security,343.794675,0
18,Penny Maybe,291.590439,0
16,The Activist's Tao Te Ching: Ancient Advice for a Modern Revolution,282.393384,0
16,The Art Forger,357.020916,0
16,The Age of Genius: The Seventeenth Century and the Birth of the Modern Mind,172.817043,0
16,"The Bulletproof Diet: Lose up to a Pound a Day, Reclaim Energy and Focus, Upgrade Your Life",429.633855,0
16,The Death of Humanity: and the Case for Life,508.991301,0
16,The Electric Pencil: Drawings from Inside State Hospital No. 3,491.035146,0
16,"The Inefficiency Assassin: Time Management Tactics for Working Smarter, Not Longer",180.349869,0
16,In the Country We Love: My Family Divided,192.7002,0
16,Join,312.437097,0
16,Judo: Seven Steps to Black Belt (an Introductory Guide for Beginners),472.11549,0
16,"Layered: Baking, Building, and Styling Spectacular Cakes",351.327501,0
17,#HigherSelfie: Wake Up Your Life. Free Your Soul. Find Your Tribe.,202.422801,0
16,"Lumberjanes, Vol. 2: Friendship to the Max (Lumberjanes #5-8)",410.889381,0
16,"Mama Tried: Traditional Italian Cooking for the Screwed, Crude, Vegan, and Tattooed",122.802582,0
16,Masks and Shadows,494.01324,0
16,My Paris Kitchen: Recipes and Stories,292.291167,0
16,Obsidian (Lux #1),130.160226,0
16,On a Midnight Clear,123.240537,0
16,Online Marketing for Busy Authors: A Step-By-Step Guide,405.984285,0
16,orange: The Complete Collection 1 (orange: The Complete Collection #1),424.028031,0
16,"Outcast, Vol. 1: A Darkness Surrounds Him (Outcast #1)",135.240504,0
16,Patience,88.992456,0
16,"Political Suicide: Missteps, Peccadilloes, Bad Calls, Backroom Hijinx, Sordid Pasts, Rotten Breaks, and Just Plain Dumb Mistakes in the Annals of American Politics",317.780148,0
16,"Avatar: The Last Airbender: Smoke and Shadow, Part 3 (Smoke and Shadow #3)",246.043119,0
16,Bossypants,433.225086,0
16,Burning,252.349671,0
16,"Lumberjanes, Vol. 1: Beware the Kitten Holy (Lumberjanes #1-4)",399.502551,0
16,Call the Nurse: True Stories of a Country Nurse on a Scottish Isle,255.240174,0
16,Camp Midnight,149.605428,0
16,Lumberjanes Vol. 3: A Terrible Plan (Lumberjanes #9-12),174.481272,0
16,Crown of Midnight (Throne of Glass #2),379.181439,0
16,"Codename Baboushka, Volume 1: The Conclave of Death",321.634152,0
16,Danganronpa Volume 1,455.385609,0
16,"Don't Be a Jerk: And Other Practical Advice from Dogen, Japan's Greatest Zen Master",332.583027,0
16,Everydata: The Misinformation Hidden in the Little Data You Consume Every Day,476.057085,0
16,Fifty Shades Darker (Fifty Shades #2),192.349836,0
16,First and First (Five Boroughs #3),139.882827,0
16,Forever and Forever: The Courtship of Henry Longfellow and Fanny Appleton,260.057679,0
15,The Stranger,152.758704,0
15,The Third Wave: An Entrepreneurâ€™s Vision of the Future,110.452251,0
15,The Vacationers,369.196065,0
16,"Bitch Planet, Vol. 1: Extraordinary Machine (Bitch Planet (Collected Editions))",332.145072,0
15,The Wedding Dress,211.269492,0
15,Thomas Jefferson and the Tripoli Pirates: The Forgotten War That Changed American History,522.392724,0
15,The White Cat and the Monk: A Retelling of the Poem â€œPangur BÃ¡nâ€?508.728528,0,
15,Throne of Glass (Throne of Glass #1),307.181637,0
15,Tracing Numbers on a Train,364.37856,0
15,You Are What You Love: The Spiritual Power of Habit,191.561517,0
16,A Court of Thorns and Roses (A Court of Thorns and Roses #1),458.714067,0
16,(Un)Qualified: How God Uses Broken People to Do Big Things,472.9914,0
16,A Fierce and Subtle Poison,246.393483,0
15,Tuesday Nights in 1980,184.291464,0
16,A Flight of Arrows (The Pathfinders #2),486.392823,0
15,"William Shakespeare's Star Wars: Verily, A New Hope (William Shakespeare's Star Wars #4)",379.26903,0
15,The Cookies & Cups Cookbook: 125+ sweet & savory recipes reminding you to Always Eat Dessert First,361.312875,0
15,The Emerald Mystery,202.773165,0
15,Thirteen Reasons Why,461.779752,0
15,The Genius of Birds,151.006884,0
15,The Glittering Court (The Glittering Court #1),387.852948,0
15,The Kite Runner,366.305562,0
15,The Long Shadow of Small Ghosts: Murder and Memory in an American City,96.087327,0
15,The Mistake (Off-Campus #2),379.181439,0
15,The Matchmaker's Playbook (Wingmen Inc. #1),489.195735,0
15,The House by the Lake,323.648745,0
15,The Murder of Roger Ackroyd (Hercule Poirot #4),386.27631,0
15,The Nerdy Nummies Cookbook: Sweet Treats for the Geek in All of Us,327.064794,0
15,The Love and Lemons Cookbook: An Apple-to-Zucchini Celebration of Impromptu Cooking,329.34216,0
15,The Power of Now: A Guide to Spiritual Enlightenment,381.371214,0
15,Mrs. Houdini,264.962775,0
15,Night Sky with Exit Wounds,359.561055,0
15,"Nightingale, Sing",335.298348,0
15,The Girl on the Train,481.925682,0
15,Poses for Artists Volume 1 - Dynamic and Sitting Poses: An Essential Reference for Figure Drawing and the Human Form,359.648646,0
15,Poems That Make Grown Women Cry,124.291629,0
16,The Gutsy Girl: Escapades for Your Life of Epic Adventure,325.225383,0
15,Redeeming Love,179.298777,0
15,Romero and Juliet: A Tragic Tale of Love and Zombies,323.561154,0
15,Scarlett Epstein Hates It Here,381.458805,0
15,"Shobu Samurai, Project Aryoku (#3)",254.539446,0
15,Soft Apocalypse,228.787692,0
15,Something More Than This,142.247784,0
15,Secrets and Lace (Fatal Hearts #1),177.546957,0
15,"Deliciously Ella Every Day: Quick and Easy Recipes for Gluten-Free Snacks, Packed Lunches, and Simple Meals",369.283656,0
15,So You've Been Publicly Shamed,107.123793,0
15,Done Rubbed Out (Reightman & Bailey #1),330.393252,0
15,Doing It Over (Most Likely To #1),311.911551,0
15,Drive: The Surprising Truth About What Motivates Us,306.130545,0
15,Eureka Trivia 6.0,478.159269,0
15,"Fables, Vol. 1: Legends in Exile (Fables #1)",364.553742,0
15,The Omnivore's Dilemma: A Natural History of Four Meals,334.685211,0
15,Finders Keepers (Bill Hodges Trilogy #2),468.874623,0
15,First Steps for New Christians (Print Edition),254.0139,0
15,Follow You Home,187.094376,0
15,Frostbite (Vampire Academy #2),262.685409,0
15,Full Moon over Noahâ€™s Ark: An Odyssey to Mount Ararat and Beyond,432.962313,0
15,Hollow City (Miss Peregrineâ€™s Peculiar Children #2),376.466118,0
15,Grumbles,194.101656,0
15,I Had a Nice Time And Other Lies...: How to find love & sh*t like that,502.421976,0
14,Why the Right Went Wrong: Conservatism--From Goldwater to the Tea Party and Beyond,461.166615,0
14,You (You #1),381.984351,0
15,Shoe Dog: A Memoir by the Creator of NIKE,210.130809,0
15,Agnostic: A Spirited Manifesto,109.576341,0
15,Amatus,442.684914,0
15,Anonymous,410.101062,0
15,Ayumi's Violin,135.590868,0
15,Batman: The Dark Knight Returns (Batman),134.714958,0
15,Beauty Restored (Riley Family Legacy Novellas #3),97.313601,0
15,Batman: The Long Halloween (Batman),319.70715,0
14,Wild Swans,125.780676,0
15,Becoming Wise: An Inquiry into the Mystery and Art of Living,240.262113,0
14,"Wonder Woman: Earth One, Volume One (Wonder Woman: Earth One #1)",327.064794,0
15,Big Magic: Creative Living Beyond Fear,269.78028,0
14,The Song of Achilles,327.59034,0
14,The Songs of the Gods,389.604768,0
14,Zealot: The Life and Times of Jesus of Nazareth,216.34977,0
14,The Star-Touched Queen,403.093782,0
14,The Testament of Mary,461.341797,0
14,The Time Keeper,244.203708,0
14,The Wedding Pact (The O'Malleys #2),285.634251,0
15,Amy Meets the Saints and Sages,161.692986,0
15,Amid the Chaos,320.407878,0
14,The Wright Brothers,497.51688,0
14,This Is Where It Ends,237.546792,0
14,The Year of Magical Thinking,376.991664,0
14,Through the Woods,222.305958,0
14,The White Queen (The Cousins' War #1),226.948281,0
14,Twenty Yawns,193.400928,0
14,V for Vendetta (V for Vendetta Complete),324.96261,0
14,Take Me with You,395.998911,0
14,Tastes Like Fear (DI Marnie Rome #3),93.634779,0
14,That Darkness (Gardiner and Renner #1),121.926672,0
14,"Unbroken: A World War II Story of Survival, Resilience, and Redemption",402.480645,0
14,The 14th Colony (Cotton Malone #11),343.707084,0
14,Until Friday Night (The Field Party #1),405.633921,0
14,The Darkest Lie,309.634185,0
14,The Dovekeepers,427.268898,0
14,The Bane Chronicles (The Bane Chronicles #1-11),391.794543,0
14,The Rosie Project (Don Tillman #1),473.341764,0
14,The First Hostage (J.B. Collins #2),226.422735,0
14,The Guilty (Will Robie #4),121.050762,0
14,The Hidden Oracle (The Trials of Apollo #1),457.750566,0
14,The Immortal Life of Henrietta Lacks,356.232597,0
14,The Last Mile (Amos Decker #2),474.830811,0
14,The Loney,204.96294,0
14,The Help Yourself Cookbook for Kids: 60 Easy Plant-Based Recipes Kids Can Make to Stay Healthy and Save the Earth,251.999307,0
14,"Naruto (3-in-1 Edition), Vol. 14: Includes Vols. 40, 41 & 42 (Naruto: Omnibus #14)",336.261849,0
14,No Dream Is Too High: Life Lessons From a Man Who Walked on the Moon,192.262245,0
14,The Literature Book (Big Ideas Simply Explained),152.671113,0
14,Old School (Diary of a Wimpy Kid #10),103.620153,0
14,Once Was a Time,160.116348,0
14,"Overload: How to Unplug, Unwind, and Unleash Yourself from the Pressure of Stress",456.787065,0
14,Pet Sematary,92.496096,0
14,"Quarter Life Poetry: Poems for the Young, Broke and Hangry",445.750599,0
14,Rain Fish,206.451987,0
14,"Red Hood/Arsenal, Vol. 1: Open for Business (Red Hood/Arsenal #1)",223.181868,0
14,Robin War,418.860162,0
14,The Bad-Ass Librarians of Timbuktu: And Their Race to Save the Worldâ€™s Most Precious Manuscripts,138.131007,0
14,salt.,409.750698,0
14,See America: A Celebration of Our National Parks & Treasured Sites,428.057217,0
14,Shtum,489.108144,0
14,Someone Like You (The Harrisons #2),462.392889,0
14,Sorting the Beef from the Bull: The Science of Food Fraud Forensics,391.882134,0
14,"Hyperbole and a Half: Unfortunate Situations, Flawed Coping Mechanisms, Mayhem, and Other Things That Happened",129.196725,0
14,I Know What I'm Doing -- and Other Lies I Tell Myself: Dispatches from a Life Under Construction,227.561418,0
14,I Am Pilgrim (Pilgrim #1),92.84646,0
14,Island of Dragons (Unwanteds #7),259.707315,0
14,"It's All Easy: Healthy, Delicious Weeknight Meals in under 30 Minutes",171.240405,0
14,"Hush, Hush (Hush, Hush #1)",411.852882,0
14,Let It Out: A Journey Through Journaling,234.656289,0
14,Lady Midnight (The Dark Artifices #1),142.598148,0
14,"Living Leadership by Insight: A Good Leader Achieves, a Great Leader Builds Monuments",410.889381,0
14,Looking for Lovely: Collecting the Moments that Matter,255.240174,0
14,Love Is a Mix Tape (Music #1),157.926573,0
14,Lowriders to the Center of the Earth (Lowriders in Space #2),451.181241,0
14,Luckiest Girl Alive,436.465953,0
14,Made to Stick: Why Some Ideas Survive and Others Die,340.291035,0
14,Luis Paints the World,472.553445,0
14,Mr. Mercedes (Bill Hodges Trilogy #1),253.13799,0
14,My Mrs. Brown,214.422768,0
14,My Name Is Lucy Barton,364.028196,0
14,Steve Jobs,345.98445,0
14,Still Life with Bread Crumbs,231.327831,0
14,Superman Vol. 1: Before Truth (Superman by Gene Luen Yang #1),104.145699,0
14,Swell: A Year of Waves,399.239778,0
14,The Long Haul (Diary of a Wimpy Kid #9),386.013537,0
14,The Lucifer Effect: Understanding How Good People Turn Evil,91.09464,0
14,The Marriage of Opposites,245.955528,0
14,The Power of Habit: Why We Do What We Do in Life and Business,147.853608,0
14,More Than Music (Chasing the Dream #1),329.429751,0
14,Walt Disney's Alice in Wonderland,113.517936,0
14,"We Are Robin, Vol. 1: The Vigilante Business (We Are Robin #1)",472.11549,0
14,What's It Like in Space?: Stories from Astronauts Who've Been There,171.67836,0
14,My Kind of Crazy,353.517276,0
14,Cometh the Hour (The Clifton Chronicles #6),219.065091,0
14,Daily Fantasy Sports,320.407878,0
14,Dear Mr. Knightley,98.189511,0
14,Demigods & Magicians: Percy and Annabeth Meet the Kanes (Percy Jackson & Kane Chronicles Crossover #1-3),328.553841,0
14,"So Cute It Hurts!!, Vol. 6 (So Cute It Hurts!! #6)",310.334913,0
14,Crazy Love: Overwhelmed by a Relentless God,417.984252,0
14,"Eat Fat, Get Thin",473.604537,0
14,"Eaternity: More than 150 Deliciously Easy Vegan Recipes for a Long, Healthy, Satisfied, Joyful Life",453.283425,0
14,Doctor Sleep (The Shining #2),351.415092,0
14,Eight Hundred Grapes,126.043449,0
14,Eligible (The Austen Project #4),237.284019,0
14,"Far & Away: Places on the Brink of Change: Seven Continents, Twenty-Five Years",131.912046,0
14,Feathers: Displays of Brilliant Plumage,429.633855,0
14,Glory over Everything: Beyond The Kitchen House,401.517144,0
14,El Deafo,504.699342,0
14,God: The Most Unpleasant Character in All Fiction,263.035773,0
14,Greek Mythic History,89.605593,0
14,Hamilton: The Revolution,514.947489,0
14,Whole Lotta Creativity Going On: 60 Fun and Unusual Exercises to Awaken and Strengthen Your Creativity,334.59762,0
14,Don't Get Caught,484.816185,0
14,Hold Your Breath (Search and Rescue #1),252.437262,0
15,Chasing Heaven: What Dying Taught Me About Living,331.09398,0
15,Close to You,433.225086,0
15,"Daring Greatly: How the Courage to Be Vulnerable Transforms the Way We Live, Love, Parent, and Lead",170.189313,0
15,Dark Notes,168.087129,0
15,Library of Souls (Miss Peregrineâ€™s Peculiar Children #3),425.341896,0
15,Little Red,117.985077,0
15,Louisa: The Extraordinary Life of Mrs. Adams,147.590835,0
15,Miss Peregrineâ€™s Home for Peculiar Children (Miss Peregrineâ€™s Peculiar Children #1),94.247916,0
15,Modern Romance,247.532166,0
15,Large Print Heart of the Pride,167.736765,0
15,Suddenly in Love (Lake Haven #1),490.422009,0
15,The 10% Entrepreneur: Live Your Startup Dream Without Quitting Your Day Job,241.313205,0
14,Every Last Word,407.035377,0
15,The Art of War,292.028394,0
15,The Artist's Way: A Spiritual Path to Higher Creativity,337.137759,0
15,The Bridge to Consciousness: I'm Writing the Bridge Between Science and Our Old and New Beliefs.,280.2912,0
15,The Regional Office Is Under Attack!,449.867376,0
15,The Project,93.284415,0
15,The Secret (The Secret #1),239.736567,0
15,The Shadow Hero (The Shadow Hero),290.276574,0
15,The Argonauts,95.736963,0
16,"A Piece of Sky, a Grain of Rice: A Memoir in Four Meditations",497.166516,0
16,A Murder in Time,145.751424,0
16,A World of Flavor: Your Gluten Free Passport,376.203345,0
16,Algorithms to Live By: The Computer Science of Human Decisions,269.867871,0
16,"Giant Days, Vol. 2 (Giant Days #5-8)",193.663701,0
16,Her Backup Boyfriend (The Sorensen Family #1),297.546627,0
16,How to Be Miserable: 40 Strategies You Already Use,403.181373,0
16,I am a Hero Omnibus Volume 1,478.509633,0
16,Immunity: How Elie Metchnikoff Changed the Course of Modern Medicine,502.421976,0
16,"Pop Gun War, Volume 1: Gift",166.160127,0
16,Princess Between Worlds (Wide-Awake Princess #5),116.846394,0
16,"Princess Jellyfish 2-in-1 Omnibus, Vol. 01 (Princess Jellyfish 2-in-1 Omnibus #1)",119.211351,0
15,The Psychopath Test: A Journey Through the Madness Industry,315.3276,0
16,"The Mindfulness and Acceptance Workbook for Anxiety: A Guide to Breaking Free from Anxiety, Phobias, and Worry Using Acceptance and Commitment Therapy",209.254899,0
16,The Most Perfect Thing: Inside (and Outside) a Bird's Egg,376.290936,0
16,The Murder That Never Was (Forensic Instincts #5),473.954901,0
16,The Nameless City (The Nameless City #1),334.247256,0
14,Angels Walking (Angels Walking #1),299.56122,0
14,Aristotle and Dante Discover the Secrets of the Universe (Aristotle and Dante Discover the Secrets of the Universe #1),509.254074,0
14,Art Ops Vol. 1,427.44408,0
14,Balloon Animals,149.167473,0
14,Barefoot Contessa at Home: Everyday Recipes You'll Make Over and Over Again,443.385642,0
14,Angels & Demons (Robert Langdon #1),450.918468,0
14,Barefoot Contessa Back to Basics,245.342391,0
14,Brain on Fire: My Month of Madness,431.998812,0
14,Batman: Europa,280.378791,0
14,Buying In: The Secret Dialogue Between What We Buy and Who We Are,331.09398,0
14,Carrie,404.933193,0
14,"Carry On, Warrior: Thoughts on Life Unarmed",278.977335,0
16,"I Hate Fairyland, Vol. 1: Madly Ever After (I Hate Fairyland (Compilations) #1-5)",255.502947,0
14,City of Ashes (The Mortal Instruments #2),414.042657,0
16,The Life-Changing Magic of Tidying Up: The Japanese Art of Decluttering and Organizing,146.890107,0
12,The Silent Sister (Riley MacPherson #1),405.458739,0
12,The Star-Touched Queen,282.91893,0
14,Catching Jordan (Hundred Oaks),445.225053,0
12,Will You Won't You Want Me?,121.401126,0
13,My Kitchen Year: 136 Recipes That Saved My Life,100.992423,0
13,Rook,331.619526,0
12,Tipping Point for Planet Earth: How Close Are We to the Edge?,328.904205,0
13,13 Hours: The Inside Account of What Really Happened In Benghazi,237.021246,0
13,"The Three Searches, Meaning, and the Story",116.758803,0
14,1491: New Revelations of the Americas Before Columbus,190.94838,0
14,A Brush of Wings (Angels Walking #3),486.217641,0
13,Searching for Meaning in Gailana,339.239943,0
14,Cell,177.722139,0
14,A Distant Mirror: The Calamitous 14th Century,127.707678,0
14,A Man Called Ove,347.911452,0
14,"A Series of Catastrophes and Miracles: A True Story of Love, Science, and Cancer",494.713968,0
14,A People's History of the United States,357.283689,0
14,A Study in Scarlet (Sherlock Holmes #1),146.539743,0
14,A Time of Torment (Charlie Parker #14),423.502485,0
14,All the Light We Cannot See,261.634317,0
14,"Adulthood Is a Myth: A ""Sarah's Scribbles"" Collection",95.47419,0
14,City of Bones (The Mortal Instruments #1),379.093848,0
14,City of Fallen Angels (The Mortal Instruments #4),98.364693,0
14,City of Glass (The Mortal Instruments #3),490.684782,0
14,Clockwork Angel (The Infernal Devices #1),386.626674,0
14,Abstract City,493.750467,0
14,Code Name Verity (Code Name Verity #1),193.838883,0
19,America's Cradle of Quarterbacks: Western Pennsylvania's Football Factory from Johnny Unitas to Joe Montana,197.07975,0
19,Aladdin and His Wonderful Lamp,465.370983,0
19,Black Dust,302.451723,0
19,Birdsong: A Story in Pictures,478.597224,0
19,Chase Me (Paris Nights #2),221.342457,0
19,"Foolproof Preserving: A Guide to Small Batch Jams, Jellies, Pickles, Condiments, and More: A Foolproof Guide to Making Small Batch Jams, Jellies, Pickles, Condiments, and More",267.327732,0
19,How Music Works,326.889612,0
19,In Her Wake,112.466844,0
20,Sharp Objects,418.860162,0
20,Soumission,438.83091,0
20,Tipping the Velvet,470.714034,0
22,A Light in the Attic,453.458607,0
12,How to Speak Golf: An Illustrated Guide to Links Lingo,510.830712,0
12,"Love, Lies and Spies",179.999505,0
12,One with You (Crossfire #5),137.605461,0
12,Murder at the 42nd Street Library (Raymond Ambler #1),476.144676,0
12,Most Wanted,309.021048,0
12,No Love Allowed (Dodge Cove #1),478.684815,0
12,Poisonous (Max Revere Novels #3),234.74388,0
12,Psycho: Sanitarium (Psycho #1.5),323.823927,0
12,Quench Your Own Thirst: Business Lessons Learned Over a Beer or Two,377.867574,0
12,Raspberry Pi Electronics Projects for the Evil Genius,435.064497,0
12,Snatched: How A Drug Queen Went Undercover for the DEA and Was Kidnapped By Colombian Guerillas,185.780511,0
12,Stars Above (The Lunar Chronicles #4.5),420.874755,0
12,The Diary of a Young Girl,524.67009,0
12,The Dinner Party,495.239514,0
12,The Epidemic (The Program 0.6),126.481404,0
12,The Midnight Watch: A Novel of the Titanic and the Californian,229.48842,0
12,The Lonely City: Adventures in the Art of Being Alone,291.327666,0
12,The Golden Condom: And Other Essays on Love Lost and Found,345.371313,0
12,The Gray Rhino: How to Recognize and Act on the Obvious Dangers We Ignore,518.100765,0
11,Off the Hook (Fishing for Trouble #1),417.546297,0
11,Playing with Fire,120.087261,0
11,"Setting the World on Fire: The Brief, Astonishing Life of St. Catherine of Siena",185.254965,0
11,The Art of Startup Fundraising,183.9411,0
11,Take Me Home Tonight (Rock Star Romance #3),472.816218,0
11,Sleeping Giants (Themis Files #1),426.918534,0
11,The Improbability of Love,520.728495,0
11,"The Sleep Revolution: Transforming Your Life, One Night at a Time",102.306288,0
11,The Widow,238.773066,0
12,"A la Mode: 120 Recipes in 60 Pairings: Pies, Tarts, Cakes, Crisps, and More Topped with Ice Cream, Gelato, Frozen Custard, and More",339.590307,0
12,A Paris Apartment,341.692491,0
12,Boar Island (Anna Pigeon #19),520.991268,0
11,Troublemaker: Surviving Hollywood and Scientology,423.852849,0
12,Can You Keep a Secret? (Fear Street Relaunch #4),426.042624,0
12,Dirty (Dive Bar #1),357.634053,0
11,A Gentleman's Position (Society of Gentlemen #3),129.196725,0
11,11/22/63,424.641168,0
10,"10% Happier: How I Tamed the Voice in My Head, Reduced Stress Without Losing My Edge, and Found Self-Help That Actually Works",215.211087,0
10,10-Day Green Smoothie Cleanse: Lose Up to 15 Pounds in 10 Days!,435.414861,0
12,The Children,104.058108,0
11,A Mother's Reckoning: Living in the Aftermath of Tragedy,171.065223,0
11,Adultery,182.890008,0
11,Arena,187.094376,0
11,Born for This: How to Find the Work You Were Meant to Do,189.108969,0
11,"Exit, Pursued by a Bear",449.692194,0
11,Cravings: Recipes for What You Want to Eat,179.56155,0
11,Keep Me Posted,179.211186,0
11,Lab Girl,357.809235,0
11,Lies and Other Acts of Love,395.385774,0
11,Daredevils,143.123694,0
11,"Mother, Can You Not?",147.941199,0
11,Mothering Sunday,116.846394,0
9,Dress Your Family in Corduroy and Denim,382.597488,0
9,"Fruits Basket, Vol. 9 (Fruits Basket #9)",297.371445,0
9,If I Gave You God's Phone Number....: Searching for Spirituality in America,183.152781,0
9,Modern Day Fables,415.531704,0
9,"NaNo What Now? Finding your editing process, revising your NaNoWriMo book and building a writing career through publishing and beyond",91.182231,0
11,M Train,238.072338,0
9,Nap-a-Roo,219.678228,0
11,It Didn't Start with You: How Inherited Family Trauma Shapes Who We Are and How to End the Cycle,492.874557,0
9,Suzie Snowflake: One beautiful flake (a self-esteem story),480.086271,0
9,The Alien Club,476.49504,0
11,Lilac Girls,151.357248,0
9,Don't Forget Steven,291.064893,0
8,Shadows of the Past (Logan Point #1),347.473497,0
8,Smarter Faster Better: The Secrets of Being Productive in Life and Business,340.641399,0
11,Grey (Fifty Shades #4),424.728759,0
9,The Book of Mormon,215.211087,0
9,"The Fabric of the Cosmos: Space, Time, and the Texture of Reality",489.721281,0
8,South of Sunshine,253.400763,0
8,The E-Myth Revisited: Why Most Small Businesses Don't Work and What to Do About It,323.298381,0
8,Silence in the Dark (Logan Point #4),510.918303,0
8,The Martian (The Martian #1),362.539149,0
8,The New Drawing on the Right Side of the Brain,376.816482,0
8,The Unlikely Pilgrimage of Harold Fry (Harold Fry #1),382.071942,0
8,Vagabonding: An Uncommon Guide to the Art of Long-Term World Travel,323.561154,0
8,When Breath Becomes Air,344.758176,0
9,The Art and Science of Low Carbohydrate Living,464.057118,0
8,Why Not Me?,155.561616,0
8,"Zero to One: Notes on Startups, or How to Build the Future",298.334946,0
8,History of Beauty,90.131139,0
8,Howl and Other Poems,354.305595,0
8,Hystopia: A Novel,192.349836,0
8,I Will Find You,387.239811,0
8,I'll Give You the Sun,494.713968,0
8,John Vassos: Industrial Design for Modern Life,177.109002,0
8,Kierkegaard: A Christian Missionary to Christians,412.816383,0
8,Kill 'Em and Leave: Searching for James Brown and the American Soul,394.597455,0
8,Left Behind (Left Behind #1),356.670552,0
8,"The Midnight Assassin: Panic, Scandal, and the Hunt for America's First Serial Killer",249.196395,0
8,Les Fleurs du Mal,254.364264,0
8,Living Forward: A Proven Plan to Stop Drifting and Get the Life You Want,109.926705,0
8,"Love That Boy: What Two Presidents, Eight Road Trips, and My Son Taught Me About a Parent's Expectations",219.503046,0
8,Man's Search for Meaning,258.218268,0
7,The Year of Living Biblically: One Man's Humble Quest to Follow the Bible as Literally as Possible,304.115952,0
7,Toddlers Are A**holes: It's Not Your Fault,223.795005,0
7,Under the Tuscan Sun,326.977203,0
7,Unreasonable Hope: Finding Faith in the God Who Brings Purpose to Your Pain,405.809103,0
7,What Happened on Beale Street (Secrets of the South Mysteries #2),222.218367,0
7,The Whale,314.977236,0
7,Wildlife of New York: A Five-Borough Coloring Book,193.926474,0
7,You Are a Badass: How to Stop Doubting Your Greatness and Start Living an Awesome Life,105.809928,0
8,"""Most Blessed of the Patriarchs"": Thomas Jefferson and the Empire of the Imagination",389.604768,0
8,32 Yolks,469.750533,0
8,"A Murder Over a Girl: Justice, Gender, Junior High",115.62012,0
8,The Grownup,314.276508,0
8,Brilliant Beacons: A History of the American Lighthouse,100.291695,0
8,Death by Leisure: A Cautionary Tale,328.553841,0
8,The High Mountains of Portugal,448.027965,0
8,Ender's Game (The Ender Quintet #1),382.247124,0
8,Future Shock (Future Shock #1),487.443915,0
8,Diary of a Citizen Scientist: Chasing Tiger Beetles and Other New Ways of Engaging the World,248.846031,0
8,Miller's Valley,512.757714,0
8,My Life Next Door (My Life Next Door ),318.743649,0
8,Out of Print: City Lights Spotlight No. 14,469.838124,0
8,Please Kill Me: The Uncensored Oral History of Punk,273.196329,0
8,Heaven is for Real: A Little Boy's Astounding Story of His Trip to Heaven and Back,463.006026,0
8,Brazen: The Courage to Find the You That's Been Hiding,168.349902,0
8,Being Mortal: Medicine and What Matters in the End,482.276046,0
8,Between the World and Me,498.480381,0
8,Roller Girl,123.50331,0
9,A Hero's Curse (The Unseen Chronicles #1),442.246959,0
8,Rising Strong,191.123562,0
9,23 Degrees South: A Tropical Tale of Changing Whether...,313.488189,0
9,A Shard of Ice (The Black Symphony Saga #1),496.027833,0
7,Raymie Nightingale,301.400631,0
7,"Shrunken Treasures: Literary Classics, Short, Sweet, and Silly",463.093617,0
7,"Sit, Stay, Love",183.06519,0
7,Sister Dear,352.11582,0
7,Playing from the Heart,283.619658,0
7,Steal Like an Artist: 10 Things Nobody Told You About Being Creative,183.06519,0
7,Team of Rivals: The Political Genius of Abraham Lincoln,176.233092,0
7,The 7 Habits of Highly Effective People: Powerful Lessons in Personal Change,290.539347,0
7,The Art Book,283.269294,0
7,The Bourne Identity (Jason Bourne #1),374.714298,0
7,The Bachelor Girl's Guide to Murder (Herringford and Watts Mysteries #1),458.10093,0
7,The Constant Princess (The Tudor Court #1),145.576242,0
7,The Drowning Girls,312.437097,0
7,The Faith of Christopher Hitchens: The Restless Soul of the World's Most Notorious Atheist,346.422405,0
7,The Glass Castle,142.247784,0
7,The Good Girl,429.458673,0
7,The Great Gatsby,315.765555,0
8,Proofs of God: Classical Arguments from Tertullian to Barth,474.830811,0
7,The Origin of Species,87.678591,0
7,The Story of Art,360.349374,0
7,Blue Like Jazz: Nonreligious Thoughts on Christian Spirituality,225.722007,0
7,"Chronicles, Vol. 1",460.72866,0
7,Counted With the Stars (Out from Egypt #1),157.401027,0
7,Every Heart a Doorway (Every Heart A Doorway #1),106.510656,0
7,Finding God in the Ruins: How God Redeems Pain,408.524424,0
7,"Rich Dad, Poor Dad",453.195834,0
7,Good in Bed (Cannie Shapiro #1),324.524655,0
7,How to Be a Domestic Goddess: Baking and the Art of Comfort Cooking,247.444575,0
7,How to Cook Everything Vegetarian: Simple Meatless Recipes for Great Food (How to Cook Everything),403.006191,0
7,John Adams,503.035113,0
7,King's Folly (The Kinsman Chronicles #1),346.947951,0
7,Leave This Song Behind: Teen Poetry at Its Best,448.203147,0
7,Life of Pi,115.795302,0
7,"Fruits Basket, Vol. 7 (Fruits Basket #7)",171.415587,0
7,Like Never Before (Walker Family #2),251.999307,0
7,Memoirs of a Geisha,435.064497,0
7,Meternity,381.721578,0
6,The Collected Poems of W.B. Yeats (The Collected Works of W.B. Yeats #1),135.065322,0
6,The Girl You Left Behind (The Girl You Left Behind #1),138.306189,0
6,The God Delusion,410.363835,0
6,The Golden Compass (His Dark Materials #1),164.408307,0
6,The Great Railway Bazaar,267.502914,0
6,The Hobbit (Middle-Earth Universe),155.91198,0
6,The Invention of Wings,327.064794,0
6,The Joy of Cooking,379.006257,0
7,For the Love: Fighting for Grace in a World of Impossible Standards,395.298183,0
7,Delivering the Truth (Quaker Midwife Mystery #1),182.977599,0
6,The Perks of Being a Wallflower,481.925682,0
6,The Fellowship of the Ring (The Lord of the Rings #1),89.955957,0
6,A Year in Provence (Provence #1),498.217608,0
6,An Unquiet Mind: A Memoir of Moods and Madness,186.56883,0
6,The Mysterious Affair at Styles (Hercule Poirot #1),217.22568,0
6,Catherine the Great: Portrait of a Woman,512.845305,0
6,"Death Note, Vol. 6: Give-and-Take (Death Note #6)",318.743649,0
6,Deception Point,353.166912,0
6,The Makings of a Fatherless Child,276.612378,0
6,Better Homes and Gardens New Cook Book,346.947951,0
6,Fun Home: A Family Tragicomic,495.677469,0
6,"Girl, Interrupted",369.108474,0
6,The Man Who Mistook His Wife for a Hat and Other Clinical Tales,520.728495,0
6,Give It Back,160.466712,0
6,In the Woods (Dublin Murder Squad #1),336.174258,0
6,The Rise and Fall of the Third Reich: A History of Nazi Germany,347.473497,0
6,Me Before You (Me Before You #1),166.598082,0
6,Mere Christianity,424.903941,0
6,Musicophilia: Tales of Music and the Brain,407.998878,0
6,Pride and Prejudice,168.787857,0
5,The Expatriates,390.480678,0
5,The False Prince (The Ascendance Trilogy #1),490.5096,0
5,The Fault in Our Stars,413.604702,0
5,The Firm,399.064596,0
6,How to Stop Worrying and Start Living,407.210559,0
6,"Fruits Basket, Vol. 6 (Fruits Basket #6)",183.590736,0
5,The Grand Design,120.525216,0
5,The Hiding Place,489.721281,0
6,In Cold Blood,437.779818,0
5,The Mathews Men: Seven Brothers and the War Against Hitler's U-boats,375.852981,0
5,The Raven Boys (The Raven Cycle #1),505.750434,0
5,The Raven King (The Raven Cycle #4),267.765687,0
5,The Secret Garden,132.087228,0
5,Two Summers,128.233224,0
5,What If?: Serious Scientific Answers to Absurd Hypothetical Questions,470.188488,0
5,Where She Went (If I Stay #2),365.517243,0
5,Why Save the Bankers?: And Other Essays on Our Economic and Political Crisis,426.305397,0
5,This Is Your Brain on Music: The Science of a Human Obsession,336.34944,0
5,"Will Grayson, Will Grayson (Will Grayson, Will Grayson)",414.393021,0
5,World Without End (The Pillars of the Earth #2),288.787527,0
5,Kill the Boy Band,135.941232,0
5,Killing Floor (Jack Reacher #1),275.824059,0
5,The Little Paris Bookshop,216.612543,0
5,Last One Home (New Beginnings #1),525.370818,0
5,The Metamorphosis,250.335078,0
5,Logan Kade (Fallen Crest High #5.5),114.919392,0
5,Lola and the Boy Next Door (Anna and the French Kiss #2),206.977533,0
5,Mexican Today: New and Rediscovered Recipes for Contemporary Kitchens,218.189181,0
5,Peak: Secrets from the New Science of Expertise,142.598148,0
5,Remember Me?,100.554468,0
5,Red Dragon (Hannibal Lecter #1),204.700167,0
5,Shiver (The Wolves of Mercy Falls #1),142.160193,0
5,Siddhartha,299.736402,0
5,Talking to Girls About Duran Duran: One Young Man's Quest for True Love and a Cooler Haircut,220.291365,0
5,My Mother Was Nuts,277.050333,0
5,An Abundance of Katherines,87.591,0
5,Approval Junkie: Adventures in Caring Too Much,515.122671,0
5,"Blue Lily, Lily Blue (The Raven Cycle #3)",298.948083,0
5,Critique of Pure Reason,181.751325,0
5,Booked,153.196659,0
5,"Data, A Love Story: How I Gamed Online Dating to Meet My Match",283.356885,0
5,Maybe Something Beautiful: How Art Transformed a Neighborhood,197.430114,0
5,The Power Greens Cookbook: 140 Delicious Superfood Recipes,96.788055,0
5,"Death Note, Vol. 5: Whiteout (Death Note #5)",459.064431,0
5,Foundation (Foundation (Publication Order) #1),283.970022,0
5,Digital Fortress,508.0278,0
5,Dracula the Un-Dead,312.086733,0
5,Find Her (Detective D.D. Warren #8),195.941067,0
5,Fool Me Once,148.554336,0
5,America's War for the Greater Middle East: A Military History,448.641102,0
4,Some Women,120.262443,0
4,The Beast (Black Dagger Brotherhood #14),403.619328,0
4,"The Demon Prince of Momochi House, Vol. 4 (The Demon Prince of Momochi House #4)",244.203708,0
4,The Bone Hunters (Lexy Vaughan & Steven Macaulay #2),523.005861,0
5,Evicted: Poverty and Profit in the American City,370.247157,0
4,The Gunning of America: Business and the Making of American Gun Culture,147.240471,0
4,The Hound of the Baskervilles (Sherlock Holmes #5),129.809862,0
4,The Hunger Games (The Hunger Games #1),261.459135,0
4,The Jazz of Physics: The Secret Link Between Music and the Structure of the Universe,339.064761,0
4,The Geography of Bliss: One Grump's Search for the Happiest Places in the World,247.269393,0
4,The Passion of Dolssa,248.057712,0
4,The Demonists (Demonist #1),456.436701,0
4,Vogue Colors A to Z: A Fashion Coloring Book,458.538885,0
4,The Pilgrim's Progress,440.232366,0
4,The Shining (The Shining #1),244.203708,0
5,A Clash of Kings (A Song of Ice and Fire #2),94.510689,0
4,The Perfect Play (Play by Play #1),525.458409,0
5,A Feast for Crows (A Song of Ice and Fire #4),150.744111,0
5,A Game of Thrones (A Song of Ice and Fire #1),406.597422,0
4,God Is Not Great: How Religion Poisons Everything,243.50298,0
5,A Girl's Guide to Moving On (New Beginnings #2),274.15983,0
4,"Fruits Basket, Vol. 4 (Fruits Basket #4)",441.809004,0
5,Drama,338.97717,0
4,Gone with the Wind,284.583159,0
4,Harry Potter and the Chamber of Secrets (Harry Potter #2),129.109134,0
4,Harry Potter and the Half-Blood Prince (Harry Potter #6),427.006125,0
4,Harry Potter and the Order of the Phoenix (Harry Potter #5),277.050333,0
4,It,219.065091,0
4,Harry Potter and the Sorcerer's Stone (Harry Potter #1),121.75149,0
4,Little Women (Little Women #1),245.867937,0
4,Misery,304.729089,0
4,Girl With a Pearl Earring,234.481107,0
4,Mockingjay (The Hunger Games #3),179.036004,0
4,Needful Things,416.144841,0
4,No One Here Gets Out Alive,175.357182,0
4,Night Shift (Night Shift #1-20),111.678525,0
4,"Orchestra of Exiles: The Story of Bronislaw Huberman, the Israel Philharmonic, and the One Thousand Jews He Saved from Nazi Horrors",108.262476,0
4,Outlander (Outlander #1),172.291497,0
4,Shopaholic Ties the Knot (Shopaholic #3),423.852849,0
3,We Are All Completely Beside Ourselves,210.568764,0
3,We the People: The Modern-Day Figures Who Have Reshaped and Affirmed the Founding Fathers' Vision of America,279.853245,0
3,When You Are Engulfed in Flames,270.568599,0
4,Paper and Fire (The Great Library #2),433.137495,0
3,"Where'd You Go, Bernadette",158.802483,0
3,Wild: From Lost to Found on the Pacific Crest Trail,403.093782,0
3,Wuthering Heights,155.298843,0
3,World War Z: An Oral History of the Zombie War,190.94838,0
3,Zero History (Blue Ant #3),304.553907,0
4,"A History of God: The 4,000-Year Quest of Judaism, Christianity, and Islam",241.926342,0
4,A New Earth: Awakening to Your Life's Purpose,487.443915,0
4,Harry Potter and the Prisoner of Azkaban (Harry Potter #3),211.707447,0
4,A Walk to Remember,494.276013,0
4,Animal Farm,501.195702,0
4,Atlas Shrugged,232.816878,0
4,Can You Keep a Secret?,192.174654,0
4,Candide,513.546033,0
4,Changing the Game (Play by Play #2),117.196758,0
4,Dark Lover (Black Dagger Brotherhood #1),112.729617,0
3,The Smitten Kitchen Cookbook,206.627169,0
3,The Stand,506.801526,0
3,The Thing About Jellyfish,427.181307,0
3,The Tipping Point: How Little Things Can Make a Big Difference,87.766182,0
4,Confessions of a Shopaholic (Shopaholic #1),428.670354,0
3,The Travelers,138.131007,0
3,The Undomestic Goddess,400.728825,0
3,"The Wicked + The Divine, Vol. 3: Commercial Suicide (The Wicked + The Divine)",126.218631,0
3,The Wild Robot,491.122737,0
3,"Thinking, Fast and Slow",185.167374,0
3,"Trespassing Across America: One Man's Epic, Never-Done-Before (and Sort of Illegal) Hike Across the Heartland",468.699441,0
4,'Salem's Lot,434.100996,0
3,Twenties Girl,374.88948,0
3,Two Boys Kissing,286.772934,0
3,Twilight (Twilight #1),367.269063,0
3,Under the Banner of Heaven: A Story of Violent Faith,262.773,0
3,"Unstuffed: Decluttering Your Home, Mind, and Soul",508.816119,0
3,Vegan Vegetarian Omnivore: Dinner for Everyone at the Table,119.649306,0
3,Voyager (Outlander #3),184.554237,0
3,The Lover's Dictionary,508.816119,0
3,The Lonely Ones,381.809169,0
3,The Maze Runner (The Maze Runner #1),183.327963,0
3,The Name of God is Mercy,326.276475,0
3,Very Good Lives: The Fringe Benefits of Failure and the Importance of Imagination,443.736006,0
3,The Nanny Diaries (Nanny #1),460.115523,0
3,The New Guy (and Other Senior Year Distractions),393.458772,0
3,The Nightingale,230.013966,0
3,The Obsession,397.925913,0
3,The Paris Wife,322.33488,0
3,The Picture of Dorian Gray,260.14527,0
3,The Purest Hook (Second Circle Tattoos #3),107.298975,0
3,The Purpose Driven Life: What on Earth Am I Here for?,325.750929,0
3,The Red Tent,312.349506,0
3,The Restaurant at the End of the Universe (Hitchhiker's Guide to the Galaxy #2),95.649372,0
3,The Rest Is Noise: Listening to the Twentieth Century,304.553907,0
3,Three-Martini Lunch,203.298711,0
3,The Road to Little Dribbling: Adventures of an American in Britain (Notes From a Small Island #2),203.298711,0
3,The Rose & the Dagger (The Wrath and the Dawn #2),513.633624,0
3,"The Sandman, Vol. 3: Dream Country (The Sandman (volumes) #3)",486.568005,0
3,The Day the Crayons Came Home (Crayons),230.627103,0
3,The Demon-Haunted World: Science as a Candle in the Dark,457.662975,0
3,"The Disappearing Spoon: And Other True Tales of Madness, Love, and the History of the World from the Periodic Table of the Elements",502.334385,0
3,"The Elegant Universe: Superstrings, Hidden Dimensions, and the Quest for the Ultimate Theory",114.131073,0
3,"The End of Faith: Religion, Terror, and the Future of Reason",193.838883,0
3,The Exiled,380.582895,0
3,The Girl Who Played with Fire (Millennium Trilogy #2),193.926474,0
3,The Girl Who Kicked the Hornet's Nest (Millennium Trilogy #3),503.473068,0
3,The Devil Wears Prada (The Devil Wears Prada #1),387.940539,0
3,The Girl with All the Gifts,433.312677,0
3,The Giver (The Giver Quartet #1),107.73693,0
3,The Goldfinch,381.721578,0
3,The Guernsey Literary and Potato Peel Pie Society,433.838223,0
3,The Rise of Theodore Roosevelt (Theodore Roosevelt #1),372.874887,0
3,The Hitchhiker's Guide to the Galaxy (Hitchhiker's Guide to the Galaxy #1),418.68498,0
3,The Husband's Secret,459.940341,0
3,"The Land of 10,000 Madonnas",259.619724,0
3,The Infinities,240.086931,0
3,The Last Painting of Sara de Vos,486.568005,0
3,Shopaholic & Baby (Shopaholic #5),406.860195,0
3,Something Blue (Darcy & Rachel #2),478.422042,0
3,Spilled Milk: Based on a True Story,433.663041,0
3,Something Borrowed (Darcy & Rachel #1),428.845536,0
3,Stiff: The Curious Lives of Human Cadavers,321.809334,0
3,"Surely You're Joking, Mr. Feynman!: Adventures of a Curious Character",226.247553,0
3,The Art of Fielding,193.57611,0
3,"The Art of Simple Food: Notes, Lessons, and Recipes from a Delicious Revolution",300.612312,0
3,The Autobiography of Malcolm X,205.225713,0
3,The Guns of August,127.357314,0
3,The Blind Side: Evolution of a Game,470.451261,0
3,The Book of Basketball: The NBA According to The Sports Guy,392.758044,0
3,The Book Thief,468.524259,0
3,The Case for Christ (Cases for Christianity),419.035344,0
3,The Catcher in the Rye,215.035905,0
3,The Cat in the Hat (Beginner Books B-1),142.422966,0
3,The Complete Stories and Poems (The Works of Edgar Allan Poe [Cameo Edition]),234.568698,0
3,Soldier (Talon #3),216.524952,0
3,The Cuckoo's Calling (Cormoran Strike #1),168.262311,0
3,The Da Vinci Code (Robert Langdon #2),201.108936,0
3,The Silkworm (Cormoran Strike #2),201.897255,0
3,The Complete Poems,361.926012,0
4,Far From True (Promise Falls Trilogy #2),305.955363,0
3,One for the Money (Stephanie Plum #1),287.911617,0
3,Orange Is the New Black,215.561451,0
3,Original Fake,275.473695,0
3,Outliers: The Story of Success,124.028856,0
3,Packing for Mars: The Curious Science of Life in the Void,496.465788,0
3,Persepolis: The Story of a Childhood (Persepolis #1-2),342.743583,0
3,Prodigy: The Graphic Novel (Legend: The Graphic Novel #2),382.159533,0
3,Quiet: The Power of Introverts in a World That Can't Stop Talking,381.458805,0
3,Reservations for Two,97.22601,0
3,Rework,393.108408,0
3,"Rise of the Rocket Girls: The Women Who Propelled Us, from Missiles to the Moon to Mars",364.991697,0
3,Walk the Edge (Thunder Road #2),283.444476,0
3,Rogue Lawyer (Rogue Lawyer #1),438.918501,0
3,Running with Scissors,113.079981,0
3,"Saga, Volume 3 (Saga (Collected Editions) #3)",188.933787,0
3,Sarah's Key,405.458739,0
3,The Lean Startup: How Today's Entrepreneurs Use Continuous Innovation to Create Radically Successful Businesses,297.108672,0
3,Seven Brief Lessons on Physics,268.02846,0
5,Alight (The Generations Trilogy #2),513.195669,0
3,Lady Renegades (Rebel Belle #3),464.582664,0
3,Scarlet (The Lunar Chronicles #2),127.620087,0
3,Red: The True Story of Red Riding Hood,249.984714,0
3,"Lean In: Women, Work, and the Will to Lead",219.152682,0
3,Let's Pretend This Never Happened: A Mostly True Memoir,395.123001,0
3,Letter to a Christian Nation,194.45202,0
3,"Lamb: The Gospel According to Biff, Christ's Childhood Pal",486.13005,0
3,Life Without a Recipe,517.137264,0
3,"Life, the Universe and Everything (Hitchhiker's Guide to the Galaxy #3)",291.327666,0
3,Lila (Gilead #3),109.225977,0
3,Lust & Wonder,103.970517,0
3,Seven Days in the Art World,458.363703,0
3,Life After Life,228.875283,0
3,Manuscript Found in Accra,306.393318,0
3,Me Talk Pretty One Day,504.52416,0
3,Midnight Riot (Peter Grant/ Rivers of London - books #1),485.779686,0
3,Golden (Heart of Dread #3),369.721611,0
3,Gone Girl,329.34216,0
3,Legend (Legend #1),382.685079,0
3,Gratitude,233.517606,0
3,"Grayson, Vol 3: Nemesis (Grayson #3)",374.188752,0
3,Green Eggs and Ham (Beginner Books B-16),94.510689,0
3,Heir to the Sky,386.013537,0
3,Holidays on Ice,447.327237,0
3,Horrible Bear!,328.641432,0
3,"House of Lost Worlds: Dinosaurs, Dynasties, and the Story of Life on Earth",382.77267,0
3,Hungry Girl Clean & Hungry: Easy All-Natural Recipes for Healthy Eating in the Real World,290.276574,0
3,I Am Malala: The Girl Who Stood Up for Education and Was Shot by the Taliban,252.962808,0
3,Ready Player One,167.036037,0
3,I've Got Your Number,172.466679,0
3,If I Run (If I Run #1),437.692227,0
3,"In the Garden of Beasts: Love, Terror, and an American Family in Hitler's Berlin",252.700035,0
3,House of Leaves,480.786999,0
3,Inferno (Robert Langdon #4),359.1231,0
3,Into the Wild,496.64097,0
3,Counting Thyme,93.021642,0
3,Dark Places,209.34249,0
3,Crazy Rich Asians (Crazy Rich Asians #1),430.334583,0
3,Darkfever (Fever #1),490.684782,0
3,Dead Wake: The Last Crossing of the Lusitania,343.707084,0
3,"David and Goliath: Underdogs, Misfits, and the Art of Battling Giants",155.999571,0
3,Cosmos,316.816647,0
3,Disrupted: My Misadventure in the Start-Up Bubble,133.839048,0
3,Do Androids Dream of Electric Sheep? (Blade Runner #1),450.918468,0
3,Dune (Dune #1),480.524226,0
3,Eclipse (Twilight #3),164.145534,0
3,Eragon (The Inheritance Cycle #1),384.261717,0
3,Extreme Prey (Lucas Davenport #26),222.48114,0
3,Fellside,338.276442,0
3,Fifty Shades Freed (Fifty Shades #3),134.539776,0
3,"Friday Night Lights: A Town, a Team, and a Dream",448.641102,0
3,"Fruits Basket, Vol. 3 (Fruits Basket #3)",395.648547,0
3,Girl in the Blue Coat,410.188653,0
3,Is Everyone Hanging Out Without Me? (And Other Concerns),176.145501,0
3,It's Never Too Late to Begin Again: Discovering Creativity and Meaning at Midlife and Beyond,371.210658,0
3,Jurassic Park (Jurassic Park #1),393.896727,0
3,"Miracles from Heaven: A Little Girl, Her Journey to Heaven, and Her Amazing Story of Healing",506.538753,0
3,Naked,277.575879,0
3,Dracula,460.903842,0
3,Neither Here nor There: Travels in Europe,341.166945,0
3,Night (The Night Trilogy #1),118.335441,0
3,Notes from a Small Island (Notes From a Small Island #1),351.853047,0
5,"Fruits Basket, Vol. 5 (Fruits Basket #5)",143.036103,0
5,Harry Potter and the Deathly Hallows (Harry Potter #7),204.262212,0
5,If I Stay (If I Stay #1),333.984483,0
3,Are We Smart Enough to Know How Smart Animals Are?,495.589878,0
3,Are We There Yet?,93.372006,0
3,Ash,193.225746,0
5,I Know Why the Caged Bird Sings (Maya Angelou's Autobiography #1),320.145105,0
3,Awkward,333.020982,0
3,Beautiful Creatures (Caster Chronicles #1),188.758605,0
3,Beowulf,335.911485,0
3,Best of My Love (Fool's Gold #20),240.086931,0
3,Between Shades of Gray,182.101689,0
3,Big Little Lies,193.663701,0
3,"Black Butler, Vol. 1 (Black Butler #1)",431.911221,0
3,Black Flags: The Rise of ISIS,357.984417,0
3,Blink: The Power of Thinking Without Thinking,190.422834,0
3,"Born to Run: A Hidden Tribe, Superathletes, and the Greatest Race the World Has Never Seen",239.561385,0
3,Boy Meets Boy,184.992192,0
2,Girl Online On Tour (Girl Online #2),468.349077,0
2,H is for Hawk,502.947522,0
2,Kindle Paperwhite User's Guide,297.8094,0
2,Life,276.612378,0
2,New Moon (Twilight #2),112.642026,0
2,"Run, Spot, Run: The Ethics of Keeping Pets",175.357182,0
2,"Saga, Volume 2 (Saga (Collected Editions) #2)",102.919425,0
2,Sugar Rush (Offensive Line #2),213.897222,0
3,Fire Bound (Sea Haven/Sisters of the Heart #5),186.393648,0
2,The Course of Love,146.977698,0
2,The Sense of an Ending,274.860558,0
2,"The Suffragettes (Little Black Classics, #96)",104.145699,0
3,#GIRLBOSS,446.363736,0
3,A Heartbreaking Work of Staggering Genius,475.531539,0
3,A Storm of Swords (A Song of Ice and Fire #3),273.459102,0
3,Morning Star (Red Rising #3),257.51754,0
3,A Visit from the Goon Squad,123.328128,0
3,A Walk in the Woods: Rediscovering America on the Appalachian Trail,266.977368,0
3,8 Keys to Mental Health Through Exercise,271.882464,0
3,Brave Enough,449.517012,0
3,Career of Evil (Cormoran Strike #3),216.524952,0
3,Cinder (The Lunar Chronicles #1),228.524919,0
3,Catastrophic Happiness: Finding Joy in Childhood's Messy Years,327.152385,0
3,And Then There Were None,306.656091,0
3,Civilization and Its Discontents,525.108045,0
3,Breaking Dawn (Twilight #4),309.021048,0
5,Isla and the Happily Ever After (Anna and the French Kiss #3),421.575483,0
5,Tell Me Three Things,366.217971,0
1,The Selfish Gene,257.955495,0
1,The Silent Twin (Detective Jennifer Knight #3),317.517375,0
1,The Silent Wife,108.087294,0
1,The Story of Hong Gildong,378.305529,0
3,Annie on My Mind,322.597653,0
1,The Tumor,364.028196,0
1,This One Moment (Pushing Limits #1),426.655761,0
1,The Zombie Room,172.466679,0
1,Three Wishes (River of Time: California #1),386.977038,0
1,Twenty Love Poems and a Song of Despair,271.094145,0
1,Vampire Girl (Vampire Girl #1),471.414762,0
1,"Vampire Knight, Vol. 1 (Vampire Knight #1)",134.89014,0
2,"The Sandman, Vol. 2: The Doll's House (The Sandman (volumes) #2)",480.086271,0
5,Tell the Wind and Fire,398.626641,0
1,Ways of Seeing,346.072041,0
1,Travels with Charley: In Search of America,506.451162,0
1,The Secret Healer,302.714496,0
1,When I'm Gone,455.122836,0
1,The Complete Maus (Maus #1-2),93.196824,0
1,The Edge of Reason (Bridget Jones #2),167.999538,0
1,The End of the Jesus Era (An Investigation #1),126.13104,0
1,"The Wicked + The Divine, Vol. 1: The Faust Act (The Wicked + The Divine)",319.882332,0
1,The Girl In The Ice (DCI Erika Foster #1),138.831735,0
1,The Girl You Lost,107.649339,0
1,The Haters,244.291299,0
1,The Communist Manifesto,129.284316,0
1,The Hook Up (Game On #1),317.867739,0
1,The Iliad,141.547056,0
1,The Last Girl (The Dominion Trilogy #1),317.604966,0
1,The Light of the Fireflies,476.757813,0
1,The Little Prince,397.838322,0
1,The Mirror & the Maze (The Wrath and the Dawn #1.5),257.342358,0
1,The Name of the Wind (The Kingkiller Chronicle #1),443.122869,0
1,The Nicomachean Ethics,318.305694,0
1,One Second (Seven #7),463.706754,0
1,Origins (Alphas 0.5),253.926309,0
1,"Ouran High School Host Club, Vol. 1 (Ouran High School Host Club #1)",261.634317,0
1,"Paper Girls, Vol. 1 (Paper Girls #1-5)",190.160061,0
1,"Rat Queens, Vol. 1: Sass & Sorcery (Rat Queens (Collected Editions) #1-5)",411.327336,0
1,"Rhythm, Chord & Malykhin",248.232894,0
1,"Saga, Volume 1 (Saga (Collected Editions) #1)",249.459168,0
1,Sense and Sensibility,328.115886,0
1,The No. 1 Ladies' Detective Agency (No. 1 Ladies' Detective Agency #1),505.40007,0
1,Settling the Score (The Summer Games #1),393.371181,0
1,Shadow Rites (Jane Yellowrock #10),190.247652,0
1,Shameless,511.093485,0
1,Shatter Me (Shatter Me #1),371.38584,0
1,Sister Sable (The Mad Queen #1),116.758803,0
1,"Skip Beat!, Vol. 01 (Skip Beat! #1)",368.933292,0
1,Taking Shots (Assassins #1),165.371808,0
1,The Art of Not Breathing,357.634053,0
1,"Fruits Basket, Vol. 1 (Fruits Basket #1)",352.816548,0
1,"Giant Days, Vol. 1 (Giant Days #1-4)",497.166516,0
1,Having the Barbarian's Baby (Ice Planet Barbarians #7.5),306.218136,0
1,Starlark,226.247553,0
1,"Hawkeye, Vol. 1: My Life as a Weapon (Hawkeye #1)",396.261684,0
1,Paradise Lost (Paradise #1),218.627136,0
1,Icing (Aces Hockey #2),354.218004,0
1,Jane Eyre,336.612213,0
1,Kitchens of the Great Midwest,501.02052,0
1,Listen to Me (Fusion #1),516.699309,0
1,Lord of the Flies,218.013999,0
1,Lost Among the Living,242.62707,0
1,Matilda,248.232894,0
1,Meditations,226.773099,0
1,"Ms. Marvel, Vol. 1: No Normal (Ms. Marvel (2014-2015) #1)",345.020949,0
1,Myriad (Prentor #1),514.597125,0
1,My Perfect Mistake (Over the Top #1),340.904172,0
1,Of Mice and Men,412.641201,0
1,Off Sides (Off #1),345.546495,0
1,Old Records Never Die: One Man's Quest for His Vinyl and His Past,487.531506,0
1,On the Road (Duluoz Legend),283.444476,0
1,The Bhagavad Gita,503.560659,0
1,The Bette Davis Club,268.554006,0
1,The Odyssey,259.619724,0
1,The Republic,295.882398,0
1,Imperfect Harmony,304.291134,0
1,"The Sandman, Vol. 1: Preludes and Nocturnes (The Sandman (volumes) #1)",474.042492,0
1,Where Lightning Strikes (Bleeding Stars #3),348.349407,0
1,While You Were Mine,361.926012,0
1,"Y: The Last Man, Vol. 1: Unmanned (Y: The Last Man #1)",162.130941,0
2,Diary of a Minecraft Zombie Book 1: A Scare of a Dare (An Unofficial Minecraft Book),463.181208,0
2,"Fruits Basket, Vol. 2 (Fruits Basket #2)",101.955924,0
5,The 5th Wave (The 5th Wave #1),103.620153,0
5,The Crossover,339.590307,0
5,The Darkest Corners,99.240603,0
5,The Dream Thieves (The Raven Cycle #2),302.18895,0
6,Ship Leaves Harbor: Essays on Travel by a Recovering Journeyman,268.02846,0
6,Tell the Wolves I'm Home,446.363736,0
6,The Sound Of Love,506.626344,0
7,A Gathering of Shadows (Shades of Magic #2),392.495271,0
7,A Short History of Nearly Everything,458.97684,0
1,"1,000 Places to See Before You Die",228.437328,0
1,1st to Die (Women's Murder Club #1),472.816218,0
1,"Ajin: Demi-Human, Volume 1 (Ajin: Demi-Human #1)",499.794246,0
1,Alice in Wonderland (Alice's Adventures in Wonderland #1),486.392823,0
1,Beyond Good and Evil,379.969758,0
1,"Bleach, Vol. 1: Strawberry and the Soul Reapers (Bleach #1)",303.502815,0
1,Blood Defense (Samantha Brinkman #1),177.80973,0
1,Bounty (Colorado Mountain #7),326.364066,0
1,Bright Lines,342.218037,0
1,Charity's Cross (Charles Towne Belles #4),361.225284,0
1,Charlie and the Chocolate Factory (Charlie Bucket #1),200.145435,0
1,Choosing Our Religion: The Spiritual Lives of America's Nones,248.933622,0
1,Bridget Jones's Diary (Bridget Jones #1),261.196362,0
1,"Eat, Pray, Love",449.517012,0
1,Fighting Fate (Fighting #6),343.707084,0
1,A Spy's Devotion (The Regency Spies of London #1),148.641927,0
1,Forever Rockers (The Rocker #12),252.26208,0
6,The Barefoot Contessa Cookbook,524.845272,0
7,"At The Existentialist CafÃ©: Freedom, Being, and apricot cocktails with: Jean-Paul Sartre, Simone de Beauvoir, Albert Camus, Martin Heidegger, Edmund Husserl, Karl Jaspers, Maurice Merleau-Ponty and others",262.159863,0
7,"Naturally Lean: 125 Nourishing Gluten-Free, Plant-Based Recipes--All Under 300 Calories",99.678558,0
9,Art and Fear: Observations on the Perils (and Rewards) of Artmaking,425.955033,0
7,Benjamin Franklin: An American Life,422.101029,0
9,Chernobyl 01:23:40: The Incredible True Story of the World's Worst Nuclear Disaster,314.626872,0
7,Nightstruck: A Novel,441.020685,0
7,A Summer In Europe,388.378494,0
1,Emma,288.437163,0
9,The Flowers Lied,146.101788,0
9,"The Moosewood Cookbook: Recipes from Moosewood Restaurant, Ithaca, New York",108.087294,0
9,The New Brand You: Your New Image Makes the Sale for You,385.838355,0
1,Deep Under (Walker Security #1),412.466019,0
9,The Shack,245.517573,0
9,Underlying Notes,103.532562,0
1,Frankenstein,332.8458,0
9,Watchmen,508.465755,0
9,Without Shame,422.801757,0
12,Eleanor & Park,494.976741,0
12,Everyday Italian: 125 Simple and Delicious Recipes,176.05791,0
12,Furiously Happy: A Funny Book About Horrible Things,363.152286,0
9,Unlimited Intuition Now,515.648217,0
12,Equal Is Unfair: America's Misguided Fight Against Income Inequality,498.042426,0
12,Hide Away (Eve Duncan #20),103.707744,0
